model,question_id,question,reference_answer,generated_answer,response_time,rouge1,rouge2,rougeL,semantic_similarity,medical_accuracy,groundedness,overall_accuracy,retrieval_quality
Baseline_Model,0,What are the main symptoms of diabetes mellitus?,"The main symptoms of diabetes mellitus include polyuria (frequent urination), polydipsia (excessive thirst), polyphagia (increased hunger), unexplained weight loss, fatigue, and blurred vision due to hyperglycemia.","Persons with diabetes
are at increased risk for cardiovascular disease, which is the main As plasma glucose levels fall further, symptoms prompt
behavioral defense against hypoglycemia, including the ingestion of
food -2; -1). Rickels
OVERALL GOALS
The goals of therapy for type 1 or type 2 diabetes mellitus (DM) are
to (1) eliminate symptoms related to hyperglycemia, (2) reduce or
eliminate the long-term microvascular and macrovascular
complications of DM (Chap. In a patient with established DM, the initial assessment should
include a review of symptoms at the time of the initial diabetes
diagnosis.",0.04758715629577637,0.18333333333333338,0.05084745762711864,0.13333333333333333,0.5550679,1.0,1.0,0.6092006150881449,0.5
Baseline_Model,1,What causes Type 1 diabetes?,"Type 1 diabetes is caused by autoimmune destruction of pancreatic beta cells, leading to absolute insulin deficiency requiring lifelong insulin therapy.","Many individuals with
long-standing type 1 DM produce a small amount of insulin (as
reflected by C-peptide production), and autopsy studies show that
beta cells can persist in the pancreas decades after diagnosis. -6 Temporal model for development of type 1 diabetes. ■ ATYPICAL DIABETES
It is increasingly recognized that some forms of diabetes have
features of both type 1 and type 2 diabetes.",0.013815879821777344,0.20930232558139533,0.07142857142857142,0.11627906976744187,0.7581799,0.6666666666666666,1.0,0.6116480910500814,0.5
Baseline_Model,2,How is hypertension diagnosed and classified?,Hypertension is diagnosed when systolic BP ≥140 mmHg or diastolic BP ≥90 mmHg on multiple occasions. It is classified as primary (essential) hypertension in 90-95% of cases or secondary hypertension from underlying causes.,"■ PRIMARY HYPERTENSION
Primary hypertension tends to be familial and is likely to be the
consequence of an interaction between environmental and genetic
factors. Compared to the earlier
definition, based on the new definition, the prevalence of pressure and elevated out-of-office blood pressure) is associated
with a risk of cardiovascular disease and all-cause mortality twice
that of normotensive individuals, with a risk range similar to that of
patients with sustained hypertension. CLINICAL DISORDERS OF HYPERTENSION
Depending on methods of patient ascertainment, ∼ 80–95% of
hypertensive patients are diagnosed as having primary, or
“essential,” hypertension (inclusive of patients with obesity and the
metabolic syndrome).",0.011081933975219727,0.20143884892086333,0.029197080291970802,0.12949640287769784,0.7103979,1.0,1.0,0.6882924747552803,0.5
Baseline_Model,3,What are the first-line treatments for hypertension?,"First-line treatments for hypertension include lifestyle modifications (DASH diet, exercise, weight loss) and medications such as ACE inhibitors, ARBs, thiazide diuretics, and calcium channel blockers, with target BP <130/80 mmHg.","The primary classes of
drugs used to treat hypertension are listed in -9. There is considerable variation in individual responses to
different classes of antihypertensive agents, and the magnitude of
response to any single agent may be limited by activation of
counter-regulatory mechanisms. More
often than not, combinations of agents, with complementary
antihypertensive mechanisms, are required to achieve goal blood
pressure reductions.",0.012069225311279297,0.06315789473684211,0.0,0.06315789473684211,0.66934234,0.5,1.0,0.4973027484667929,0.5
Baseline_Model,4,What causes myocardial infarction?,"Myocardial infarction is typically caused by atherosclerotic plaque rupture with subsequent thrombosis, leading to coronary artery occlusion and myocardial ischemia and necrosis.","■ MYOCARDIAL ISCHEMIA/INJURY
Myocardial ischemia causing chest discomfort, termed angina
pectoris, is a primary clinical concern in patients presenting with
chest symptoms. Myocardial ischemia is precipitated by an
imbalance between myocardial oxygen requirements and myocardial
oxygen supply, resulting in insufficient delivery of oxygen to meet the
heart’s metabolic demands. Myocardial oxygen consumption may be
elevated by increases in heart rate, ventricular wall stress, and
myocardial contractility, whereas myocardial oxygen supply is
determined by coronary blood flow and coronary arterial oxygen
content.",0.010429859161376953,0.23076923076923073,0.058823529411764705,0.1346153846153846,0.53492355,0.6,1.0,0.48400023827185995,0.5
Baseline_Model,5,What is the treatment for STEMI?,"STEMI treatment includes immediate reperfusion with primary PCI (preferred) or fibrinolytic therapy, dual antiplatelet therapy (aspirin plus P2Y12 inhibitor), anticoagulation, beta-blockers, ACE inhibitors, and high-intensity statins.","TREATMENT
Congestive Heart Failure
The management of CHF in association with STEMI is similar to
that of acute heart failure secondary to other forms of heart disease
(avoidance of hypoxemia, diuresis, afterload reduction, inotropic. In the emergency department, the goals for the management of
patients with suspected STEMI include control of cardiac discomfort,
rapid identification of patients who are candidates for urgent
reperfusion therapy, triage of lower-risk patients to the appropriate
location in the hospital, and avoidance of inappropriate discharge of
patients with STEMI. Many aspects of the treatment of STEMI are
initiated in the emergency department and then continued during the
in-hospital phase of management -5).",0.010129451751708984,0.10218978102189781,0.0,0.072992700729927,0.6287039,0.6666666666666666,0.9846153846153847,0.5318701942906763,0.5
Baseline_Model,6,What are the most common causes of community-acquired pneumonia?,"The most common causes of community-acquired pneumonia are Streptococcus pneumoniae, Haemophilus influenzae, Mycoplasma pneumoniae, Chlamydophila pneumoniae, and respiratory viruses.","pneumoniae is a major cause of
community-acquired respiratory illness in both children and adults
and is often grouped with Chlamydia pneumoniae and Legionella
species as one of the most important bacterial causes of “atypical”
community-acquired pneumonia. This organism reportedly
accounts for as many as 10% of cases of community-acquired
pneumonia, most of which are diagnosed by serology. Analysis of 13 studies of community-acquired
pneumonia published between 1996 to 2001 (which included 6207
ambulatory and hospitalized adults) showed that the overall
prevalence of M.",0.011528491973876953,0.24299065420560748,0.11428571428571428,0.18691588785046728,0.7137589,1.0,1.0,0.699870097135829,0.5
Baseline_Model,7,How is pneumonia diagnosed and treated?,"Pneumonia is diagnosed through clinical symptoms, physical examination, and chest X-ray showing infiltrate. Treatment includes appropriate antibiotics based on severity (outpatient: amoxicillin or macrolide; inpatient: beta-lactam plus macrolide or fluoroquinolone) plus supportive care.","However, efforts to identify the cause of
pneumonia are important when the disease is more severe and
when the diagnosis of pneumonia is not clearly established. A microbiologically confirmed
diagnosis is made in only a minority of pneumococcal cases since,
in most circumstances (and especially in pneumonia and otitis
media), fluid from the site of infection is not available for etiologic
determination, and infection of body fluids distant from the site of
infection (e. DIAGNOSIS Some authorities advocate treating uncomplicated,
nonsevere, community-acquired pneumonia without determining the
microbiologic etiology, given that this information is unlikely to alter
clinical management.",0.011037111282348633,0.07462686567164178,0.015151515151515152,0.04477611940298507,0.59217364,0.6666666666666666,0.9850746268656716,0.5080271164872753,0.5
Baseline_Model,8,What are the main causes of chronic kidney disease?,"The main causes of chronic kidney disease include diabetes mellitus (45%), hypertension (27%), glomerulonephritis, and polycystic kidney disease.","The findings are influenced by the regions of the
kidney that are involved and by factors such as family history, toxic
exposures, the patient’s birth weight and age, and time course of the
findings. While the loss of kidney
transplant due to acute rejection is now a rare event, most allografts
eventually succumb at varying rates to a chronic process consisting
of interstitial fibrosis, tubular atrophy, vasculopathy, and
glomerulopathy, the pathogenesis of which in varying degrees is with signs highly specific for a syndrome of dysfunction referable to a
structure, but not diagnostic of a particular disease (such as
proteinuria); or with a finding highly characteristic of a specific
diagnosis (such as polycystic kidney disease). Disorders of the
kidney presenting without symptoms (such as invisible
microhematuria or a stone) are often discovered by laboratory
testing or imaging.",0.011012554168701172,0.11538461538461539,0.025974025974025972,0.08974358974358974,0.50549734,0.5,1.0,0.4232614887066376,0.5
Baseline_Model,9,How is chronic kidney disease managed?,"CKD management includes treating underlying causes, blood pressure control (<130/80) with ACE inhibitor/ARB, diabetes management (HbA1c <7%), dietary modifications (protein and phosphorus restriction), treating complications (anemia, bone disease), and preparing for renal replacement therapy when eGFR <20.","Bargman, Karl Skorecki
Chronic kidney disease (CKD) encompasses a spectrum of
pathophysiologic processes associated with abnormal kidney
function, often with a progressive decline in glomerular filtration rate
(GFR). -1 Kidney Disease Improving Global Outcome (KDIGO)
classification of chronic kidney disease (CKD). When no overt evidence
for a primary glomerular or tubulointerstitial kidney disease process
is present, CKD is frequently attributed to hypertension.",0.011057376861572266,0.09900990099009901,0.0,0.07920792079207921,0.53656995,0.14285714285714285,1.0,0.32896390151775207,0.5
Baseline_Model,10,What are the main characteristics of asthma?,"Asthma is characterized by chronic airway inflammation, variable airflow obstruction, bronchial hyperresponsiveness, and symptoms of episodic wheezing, cough (often nocturnal), chest tightness, and dyspnea with reversibility on spirometry.","9% of the population
in the United States suffers from asthma as compared to ∼ 4. THE PATHWAY TO THE DEVELOPMENT OF
ASTHMA
The pathway to development of asthma can be varied. , aging and menopause [see “Etiologic
Mechanisms and Risk Factors” and -1]) that can lead to
the development of asthma.",0.011062860488891602,0.10256410256410256,0.0,0.07692307692307691,0.54570127,0.25,0.9090909090909091,0.36579935061625946,0.5
Baseline_Model,11,What is the stepwise treatment approach for asthma?,"Asthma treatment follows GINA guidelines stepwise approach: Step 1 - as-needed SABA, Step 2 - low-dose ICS, Step 3 - ICS/LABA, Step 4 - medium/high-dose ICS/LABA, Step 5 - add-on therapies (LAMA, biologics). Inhaled corticosteroids are the cornerstone of controller therapy.","The stepwise approach to intensifying and reducing asthma
therapy is outlined in -5. The therapeutic agents
used in treatment are discussed below, and an integrated approach
to care is discussed subsequently. -5 Step Therapy for the Treatment of Asthma Ages
12+ (modified from GINA and NAEPP)
A major change in the stepwise approach, advocated for more
than two decades, has occurred.",0.010524988174438477,0.23076923076923075,0.0196078431372549,0.1346153846153846,0.72715014,1.0,1.0,0.7001135326348817,0.5
General_LLM_GPT3.5,0,What are the main symptoms of diabetes mellitus?,"The main symptoms of diabetes mellitus include polyuria (frequent urination), polydipsia (excessive thirst), polyphagia (increased hunger), unexplained weight loss, fatigue, and blurred vision due to hyperglycemia.","The main symptoms of diabetes mellitus include polyuria, polydipsia, weight loss, fatigue, weakness, blurry vision, frequent superficial infections (vaginitis, fungal skin infections), and slow healing of skin lesions after minor trauma. These symptoms are primarily related to hyperglycemia, osmotic diuresis, and the catabolic state of the patient. Blurred vision in diabetes results from changes in the water content of the lens and resolves as hyperglycemia is controlled. Symptoms usually resolve when plasma glucose is <11.1 mmol/L (200 mg/dL).",14.119395732879639,0.3364485981308411,0.20952380952380953,0.2990654205607477,0.85650367,1.0,0.9206349206349206,0.7918032345927764,0.5
General_LLM_GPT3.5,1,What causes Type 1 diabetes?,"Type 1 diabetes is caused by autoimmune destruction of pancreatic beta cells, leading to absolute insulin deficiency requiring lifelong insulin therapy.","Type 1 diabetes is caused by an autoimmune process triggered in individuals with a genetic predisposition. This process leads to the development of islet autoantibodies, resulting in the destruction of beta cells in the pancreas, leading to insulin deficiency. Despite some individuals with long-standing type 1 diabetes producing a small amount of insulin, the gradual decline in beta cell function is a hallmark of the disease. Additionally, viral infections have been implicated in rare cases of pancreatic islet destruction, such as in fulminant diabetes, which has been observed in Japan.",2.5421648025512695,0.3035714285714286,0.1818181818181818,0.28571428571428575,0.8688241,0.6666666666666666,0.746031746031746,0.6933406335966927,0.5
General_LLM_GPT3.5,2,How is hypertension diagnosed and classified?,Hypertension is diagnosed when systolic BP ≥140 mmHg or diastolic BP ≥90 mmHg on multiple occasions. It is classified as primary (essential) hypertension in 90-95% of cases or secondary hypertension from underlying causes.,"Hypertension is diagnosed and classified based on clinical criteria involving blood pressure readings. The current classification defines hypertension as systolic blood pressure ≥130 mmHg or diastolic blood pressure ≥80 mmHg. This is a change from the previous definition of systolic blood pressure ≥140 mmHg or diastolic blood pressure ≥90 mmHg. Diagnosis typically involves the average of two or more seated blood pressure readings during multiple outpatient visits. The majority of hypertensive patients are diagnosed with primary hypertension, which is often familial and related to a combination of genetic and environmental factors. In about 5-20% of cases, an underlying disorder causing elevated blood pressure can be identified, known as secondary hypertension, which may present with specific clinical features or drug-resistant hypertension.",1.9799809455871582,0.3333333333333333,0.1038961038961039,0.23076923076923075,0.87281346,1.0,0.7682926829268293,0.7928169880157863,0.5
General_LLM_GPT3.5,3,What are the first-line treatments for hypertension?,"First-line treatments for hypertension include lifestyle modifications (DASH diet, exercise, weight loss) and medications such as ACE inhibitors, ARBs, thiazide diuretics, and calcium channel blockers, with target BP <130/80 mmHg.","The first-line treatments for hypertension include ACE inhibitors or ARBs for patients with diabetes and hypertension, as recommended by the ADA. Subsequently, agents that reduce cardiovascular risk such as beta blockers, thiazide diuretics, and calcium channel blockers should be incorporated into the regimen. In general, combinations of antihypertensive agents with complementary mechanisms are often needed to achieve goal blood pressure reductions, considering factors like age, severity of hypertension, cardiovascular risk factors, and comorbid conditions.",1.3895573616027832,0.35514018691588783,0.22857142857142856,0.29906542056074764,0.8098671,1.0,0.8225806451612904,0.7703541027608318,0.5
General_LLM_GPT3.5,4,What causes myocardial infarction?,"Myocardial infarction is typically caused by atherosclerotic plaque rupture with subsequent thrombosis, leading to coronary artery occlusion and myocardial ischemia and necrosis.","Myocardial infarction (MI) is caused by irreversible cellular injury due to severe and prolonged myocardial ischemia. Myocardial ischemia results from an imbalance between myocardial oxygen requirements and supply, often due to atheromatous plaque obstructing epicardial coronary arteries. When ischemia is prolonged, lasting as little as 20 minutes, it leads to MI. Unstable ischemic heart disease, triggered by rupture or erosion of atherosclerotic lesions causing coronary thrombosis, can also result in MI. MI can manifest with acute myocardial injury and may present with ST-segment elevation on the electrocardiogram. Sudden death can be an unheralded presentation of ischemic heart disease, with some patients having macroscopic scars from MI without prior clinical manifestations of myocardial ischemia.",2.1285042762756348,0.2647058823529412,0.07462686567164178,0.1764705882352941,0.7313416,1.0,0.7831325301204819,0.7097884472678689,0.5
General_LLM_GPT3.5,5,What is the treatment for STEMI?,"STEMI treatment includes immediate reperfusion with primary PCI (preferred) or fibrinolytic therapy, dual antiplatelet therapy (aspirin plus P2Y12 inhibitor), anticoagulation, beta-blockers, ACE inhibitors, and high-intensity statins.","The treatment for ST-elevation myocardial infarction (STEMI) involves the rapid identification of patients who are candidates for urgent reperfusion therapy. This management is crucial in the emergency department, where trained personnel and appropriate equipment are available to promptly address the condition. The overarching goal is to avoid inappropriate discharge of patients with STEMI and ensure that patients receive timely medical observation to manage potential arrhythmias effectively. In cases of infrequent, sporadic ventricular premature depolarizations, no therapy is required; however, the prompt management of arrhythmias, such as ventricular premature beats, constitutes a significant advance in the treatment of STEMI. The ""chain of survival"" for STEMI involves an integrated system starting from prehospital care to early hospital management to provide expeditious implementation of a reperfusion strategy.",3.2700843811035156,0.09150326797385622,0.0,0.0522875816993464,0.6350285,0.6666666666666666,0.7045454545454546,0.53189332570905,0.5
General_LLM_GPT3.5,6,What are the most common causes of community-acquired pneumonia?,"The most common causes of community-acquired pneumonia are Streptococcus pneumoniae, Haemophilus influenzae, Mycoplasma pneumoniae, Chlamydophila pneumoniae, and respiratory viruses.","The most common causes of community-acquired pneumonia include Mycoplasma pneumoniae, Chlamydia pneumoniae, and Legionella species. These bacteria are considered significant causes of ""atypical"" community-acquired pneumonia, with M. pneumoniae being the most frequently detected ""atypical"" organism in adults, followed by C. pneumoniae and Legionella species. These pathogens are associated with respiratory illnesses and are prevalent in community settings such as military bases, boarding schools, and summer camps. Additionally, community-associated MRSA (CA-MRSA) strains have emerged as a concern for causing pneumonia in healthy individuals outside of healthcare settings.",3.163877010345459,0.27272727272727276,0.16666666666666669,0.2545454545454545,0.7714173,1.0,0.71875,0.7384359326145866,0.5
General_LLM_GPT3.5,7,How is pneumonia diagnosed and treated?,"Pneumonia is diagnosed through clinical symptoms, physical examination, and chest X-ray showing infiltrate. Treatment includes appropriate antibiotics based on severity (outpatient: amoxicillin or macrolide; inpatient: beta-lactam plus macrolide or fluoroquinolone) plus supportive care.","Pneumonia can be diagnosed based on clinical presentation and radiographic evidence of infiltrate on chest radiography. The gold standard for etiologic diagnosis of pneumococcal pneumonia is pathologic examination of lung tissue. Treatment for community-acquired pneumonia typically involves antibiotics, with penicillin or cephalosporin being ineffective against mycoplasmas. In cases where pneumonia fails to respond to initial treatment, consideration should be given to atypical pathogens like Mycoplasma pneumoniae. Appropriate antimicrobial therapy can shorten the duration of illness. Recurrent wheezing or reactive airway disease may occur following pneumonia resolution. The differential diagnosis for pneumonia includes various cardiac, pulmonary, and infectious conditions, necessitating a comprehensive evaluation to determine the underlying cause and guide appropriate treatment.",2.772585868835449,0.21768707482993196,0.027586206896551727,0.12244897959183673,0.73119664,1.0,0.6436781609195402,0.6996119264031754,0.5
General_LLM_GPT3.5,8,What are the main causes of chronic kidney disease?,"The main causes of chronic kidney disease include diabetes mellitus (45%), hypertension (27%), glomerulonephritis, and polycystic kidney disease.","The main causes of chronic kidney disease (CKD) include diabetic nephropathy, often secondary to type 2 diabetes mellitus, and hypertension. Other causes can include primary glomerulopathy such as focal segmental or global glomerulosclerosis, as well as progressive nephrosclerosis related to systemic vascular disease. These conditions can lead to CKD stages 1 to 5, with stage 5 CKD resulting in uremic syndrome due to toxin accumulation. The diagnosis of CKD is based on history, physical examination, and laboratory studies, with albuminuria being a hallmark of glomerular dysfunction and electrolyte disorders being common in tubular disorders.",2.4084041118621826,0.23214285714285715,0.14545454545454545,0.21428571428571427,0.78661007,1.0,0.7066666666666667,0.7379478905882154,0.5
General_LLM_GPT3.5,9,How is chronic kidney disease managed?,"CKD management includes treating underlying causes, blood pressure control (<130/80) with ACE inhibitor/ARB, diabetes management (HbA1c <7%), dietary modifications (protein and phosphorus restriction), treating complications (anemia, bone disease), and preparing for renal replacement therapy when eGFR <20.","Chronic kidney disease (CKD) is managed by closely monitoring the glomerular filtration rate (GFR) and albuminuria levels to assess disease progression. The Kidney Disease Improving Global Outcome (KDIGO) classification system provides staging based on these parameters. Treatment options for CKD include lifestyle modifications, blood pressure control, and management of underlying conditions like diabetes mellitus and hypertension. In advanced stages, dialysis or kidney transplantation may be necessary to maintain renal function and improve outcomes. Dialysis only partially replaces kidney function, while transplantation offers complete rehabilitation by restoring renal functions, including endocrine and anti-inflammatory effects. Preemptive kidney transplantation from a living donor can be considered in cases of irreversible renal failure.",2.722585439682007,0.21476510067114093,0.027210884353741496,0.1342281879194631,0.63704145,0.7142857142857143,0.6590909090909091,0.5677057679181816,0.5
General_LLM_GPT3.5,10,What are the main characteristics of asthma?,"Asthma is characterized by chronic airway inflammation, variable airflow obstruction, bronchial hyperresponsiveness, and symptoms of episodic wheezing, cough (often nocturnal), chest tightness, and dyspnea with reversibility on spirometry.","The main characteristics of asthma include symptoms such as tightness, mucus production, wheezing, dyspnea, and episodes of acute bronchospasm. Asthma can lead to exacerbations that may require emergency medical care or hospitalization, and in severe cases, can result in death. Asthma is a chronic disease associated with significant morbidity and mortality, affecting approximately 241 million people globally. It is more prevalent among children than adults and is associated with genetic susceptibility, environmental exposures, and endogenous developmental factors. Treatment for asthma often involves corticosteroids, and while asthma mortality has declined globally, further reduction has not occurred in recent years.",1.9760944843292236,0.20634920634920634,0.016129032258064516,0.09523809523809523,0.7246581,0.75,0.75,0.6174877661561209,0.5
General_LLM_GPT3.5,11,What is the stepwise treatment approach for asthma?,"Asthma treatment follows GINA guidelines stepwise approach: Step 1 - as-needed SABA, Step 2 - low-dose ICS, Step 3 - ICS/LABA, Step 4 - medium/high-dose ICS/LABA, Step 5 - add-on therapies (LAMA, biologics). Inhaled corticosteroids are the cornerstone of controller therapy.","The stepwise treatment approach for asthma involves ""stepping"" therapy up or down based on the assessment of asthma control criteria. This approach includes addressing asthma triggers, exposures, and comorbidities, evaluating adherence and inhaler techniques, and intensifying inhaled corticosteroid (ICS) therapy in conjunction with the use of a long-acting beta agonist (LABA) to achieve greater control at lower ICS doses. Additionally, as-needed ICS can be considered instead of regular ICS in milder asthma, with the trigger for use being patient perception of the need for a reliever inhaler. Combination ICS/formoterol can be used as a single agent in multiple studies for both milder and more severe asthma cases.",4.988119602203369,0.26143790849673204,0.026490066225165563,0.11764705882352941,0.76814693,1.0,0.7532467532467533,0.7219819627945718,0.5
Medical_Specialist_GPT4,0,What are the main symptoms of diabetes mellitus?,"The main symptoms of diabetes mellitus include polyuria (frequent urination), polydipsia (excessive thirst), polyphagia (increased hunger), unexplained weight loss, fatigue, and blurred vision due to hyperglycemia.","Diabetes mellitus (DM) encompasses a group of metabolic disorders characterized by chronic hyperglycemia resulting from defects in insulin secretion, insulin action, or both. The main symptoms of diabetes mellitus can be categorized into classic symptoms associated with hyperglycemia and other manifestations related to the disease's complications.

### Classic Symptoms of Diabetes Mellitus:
1. **Polyuria**: Increased urination due to osmotic diuresis caused by elevated blood glucose levels exceeding the renal threshold for glucose reabsorption.
2. **Polydipsia**: Excessive thirst resulting from dehydration secondary to polyuria.
3. **Polyphagia**: Increased hunger due to cellular starvation from insulin deficiency or resistance.
4. **Weight Loss**: Unintentional weight loss occurs due to the catabolic state induced by insulin deficiency, leading to fat and muscle breakdown.
5. **Fatigue**: Generalized weakness and fatigue can result from inadequate glucose utilization by cells.
6. **Blurred Vision**: Changes in lens water content due to osmotic effects of hyperglycemia can lead to refractive changes.
7. **Slow Healing of Skin Lesions**: Impaired wound healing due to microvascular complications and reduced immune response.

### Pathophysiology:
The underlying pathophysiology of diabetes involves a combination of genetic predisposition and environmental factors leading to:
- **Type 1 DM**: Autoimmune destruction of pancreatic beta cells, resulting in absolute insulin deficiency.
- **Type 2 DM**: A combination of insulin resistance and relative insulin deficiency, often associated with obesity and metabolic syndrome.

### Diagnostic Criteria:
According to the American Diabetes Association (ADA), the following criteria are used for the diagnosis of diabetes mellitus:
1. **Fasting Plasma Glucose (FPG)**: ≥ 126 mg/dL (7.0 mmol/L) after no caloric intake for at least 8 hours.
2. **2-Hour Plasma Glucose**: ≥ 200 mg/dL (11.1 mmol/L) during an Oral Glucose Tolerance Test (OGTT) using a glucose load of 75 g.
3. **A1C Test**: ≥ 6.5% (48 mmol/mol).
4. **Random Plasma Glucose**: ≥ 200 mg/dL (11.1 mmol/L) in a patient with classic symptoms of hyperglycemia or hyperglycemic crisis.

### Treatment Protocols:
The management of diabetes mellitus aims to achieve gly",10.26789402961731,0.13068181818181818,0.06857142857142857,0.13068181818181818,0.82534325,1.0,0.33663366336633666,0.7388079892505299,0.5
Medical_Specialist_GPT4,1,What causes Type 1 diabetes?,"Type 1 diabetes is caused by autoimmune destruction of pancreatic beta cells, leading to absolute insulin deficiency requiring lifelong insulin therapy.","Type 1 diabetes mellitus (T1DM) is primarily caused by an autoimmune destruction of pancreatic beta cells, leading to absolute insulin deficiency. The pathophysiology involves a complex interplay of genetic predisposition and environmental triggers, which initiate an autoimmune response characterized by the production of islet autoantibodies. 

### Pathophysiology:
1. **Genetic Predisposition**: Individuals with certain human leukocyte antigen (HLA) genotypes, particularly HLA-DR3 and HLA-DR4, are at increased risk for developing T1DM. These genetic factors may predispose individuals to autoimmune responses.
   
2. **Environmental Triggers**: Various environmental factors, such as viral infections (e.g., enteroviruses), dietary factors, and possibly gut microbiota, may act as triggers that initiate the autoimmune process. This leads to the infiltration of immune cells (particularly CD4+ and CD8+ T lymphocytes) into the pancreatic islets, resulting in beta-cell destruction.

3. **Autoantibody Production**: The autoimmune response is marked by the presence of specific autoantibodies, including:
   - Glutamic acid decarboxylase antibodies (GAD65)
   - Insulin autoantibodies (IAA)
   - Insulinoma-associated antigen-2 antibodies (IA-2A)
   - Islet cell antibodies (ICA)

4. **Beta-Cell Destruction**: The progressive destruction of beta cells results in decreased insulin production, leading to hyperglycemia. Although some individuals may retain residual beta-cell function (as indicated by C-peptide levels) for years after diagnosis, the overall insulin deficiency is significant.

### Diagnostic Criteria:
The diagnosis of T1DM is typically established based on the following criteria:
- **Classic Symptoms**: Polyuria, polydipsia, polyphagia, and unexplained weight loss.
- **Hyperglycemia**: Confirmed by one of the following:
  - Fasting plasma glucose ≥ 126 mg/dL (7.0 mmol/L)
  - Random plasma glucose ≥ 200 mg/dL (11.1 mmol/L) with classic symptoms
  - 2-hour plasma glucose ≥ 200 mg/dL (11.1 mmol/L) during an oral glucose tolerance test (OGTT)
- **Autoantibody Testing**: Presence of one or more diabetes-related autoantibodies can support the diagnosis of T1DM.

### Treatment",7.828999757766724,0.11392405063291139,0.08280254777070063,0.11392405063291139,0.7858214,0.6666666666666666,0.29533678756476683,0.6156954992421065,0.5
Medical_Specialist_GPT4,2,How is hypertension diagnosed and classified?,Hypertension is diagnosed when systolic BP ≥140 mmHg or diastolic BP ≥90 mmHg on multiple occasions. It is classified as primary (essential) hypertension in 90-95% of cases or secondary hypertension from underlying causes.,"Hypertension, or elevated blood pressure, is diagnosed and classified based on specific criteria established by clinical guidelines. The most recent classification, as per the American College of Cardiology/American Heart Association (ACC/AHA) guidelines, defines hypertension as follows:

### Diagnostic Criteria:
1. **Blood Pressure Measurement**: Hypertension is diagnosed when the average of two or more seated blood pressure readings, taken on two or more occasions, is:
   - **Stage 1 Hypertension**: Systolic Blood Pressure (SBP) ≥ 130 mmHg or Diastolic Blood Pressure (DBP) ≥ 80 mmHg.
   - **Stage 2 Hypertension**: SBP ≥ 140 mmHg or DBP ≥ 90 mmHg.

2. **Out-of-Office Measurements**: The diagnosis may also incorporate out-of-office blood pressure measurements, such as home blood pressure monitoring or 24-hour ambulatory blood pressure monitoring, particularly in cases of suspected masked hypertension (where office readings are normal but out-of-office readings are elevated).

### Classification:
- **Primary (Essential) Hypertension**: Accounts for approximately 80-95% of cases, characterized by a multifactorial etiology involving genetic predisposition and environmental factors, leading to increased peripheral vascular resistance and normal or decreased cardiac output.
  
- **Secondary Hypertension**: Represents 5-20% of cases, where identifiable causes such as renal disease, endocrine disorders (e.g., hyperaldosteronism, pheochromocytoma), or medication-induced hypertension are present. Clues to secondary hypertension include:
  - Severe or resistant hypertension
  - Recent onset of hypertension, particularly in younger individuals
  - Specific clinical features suggestive of an underlying disorder.

### Pathophysiology:
The pathophysiology of primary hypertension involves complex interactions between genetic factors, environmental influences (such as diet, physical activity, and stress), and neurohormonal mechanisms. Increased peripheral vascular resistance is a hallmark, often exacerbated by obesity and metabolic syndrome, leading to end-organ damage over time.

### Treatment Protocols:
1. **Lifestyle Modifications**: Initial management should include lifestyle changes such as:
   - Dietary Approaches to Stop Hypertension (DASH) diet
   - Sodium restriction (<2,300 mg/day)
   - Regular physical activity (at least 150 minutes of moderate-intensity exercise per week)
   - Weight loss in overweight individuals
   - Limiting alcohol",11.425135135650635,0.16045845272206305,0.069164265129683,0.12034383954154727,0.7433964,1.0,0.3269230769230769,0.6997784299290283,0.5
Medical_Specialist_GPT4,3,What are the first-line treatments for hypertension?,"First-line treatments for hypertension include lifestyle modifications (DASH diet, exercise, weight loss) and medications such as ACE inhibitors, ARBs, thiazide diuretics, and calcium channel blockers, with target BP <130/80 mmHg.","The management of hypertension is multifaceted and requires a comprehensive approach tailored to the individual patient. The first-line treatments for hypertension, particularly in adults, are primarily based on the underlying pathophysiology and the presence of comorbid conditions. Here is a detailed overview of the first-line treatments, including specific medical terms, diagnostic criteria, treatment protocols, and evidence-based recommendations.

### Diagnostic Criteria
Hypertension is defined as a persistent elevation of blood pressure (BP) with the following diagnostic criteria:
- **Normal BP:** Systolic BP (SBP) <120 mmHg and Diastolic BP (DBP) <80 mmHg
- **Elevated BP:** SBP 120-129 mmHg and DBP <80 mmHg
- **Hypertension Stage 1:** SBP 130-139 mmHg or DBP 80-89 mmHg
- **Hypertension Stage 2:** SBP ≥140 mmHg or DBP ≥90 mmHg

### First-Line Treatments
1. **Angiotensin-Converting Enzyme (ACE) Inhibitors:**
   - **Examples:** Lisinopril, Enalapril, Ramipril
   - **Mechanism:** Inhibit the conversion of angiotensin I to angiotensin II, leading to vasodilation, decreased blood volume, and reduced sympathetic outflow.
   - **Indications:** Particularly beneficial in patients with diabetes, heart failure, or chronic kidney disease (CKD).

2. **Angiotensin II Receptor Blockers (ARBs):**
   - **Examples:** Losartan, Valsartan, Olmesartan
   - **Mechanism:** Block the action of angiotensin II at its receptor sites, resulting in vasodilation and reduced secretion of aldosterone.
   - **Indications:** Similar to ACE inhibitors, ARBs are often used in patients who are intolerant to ACE inhibitors due to cough or angioedema.

3. **Calcium Channel Blockers (CCBs):**
   - **Examples:** Amlodipine, Diltiazem, Verapamil
   - **Mechanism:** Inhibit calcium influx into vascular smooth muscle and cardiac muscle, leading to vasodilation and decreased heart rate.
   - **Indications:** Effective in patients with isolated systolic hypertension, particularly in older adults.

4. **Thiazide Diuretics:**
   - **Examples:** Hydrochloroth",12.93433666229248,0.15488215488215487,0.06779661016949153,0.10774410774410775,0.71230954,1.0,0.24550898203592814,0.6824173959216686,0.5
Medical_Specialist_GPT4,4,What causes myocardial infarction?,"Myocardial infarction is typically caused by atherosclerotic plaque rupture with subsequent thrombosis, leading to coronary artery occlusion and myocardial ischemia and necrosis.","Myocardial infarction (MI), commonly referred to as a heart attack, is primarily caused by the disruption of blood flow to the myocardium, leading to ischemic injury and subsequent necrosis of cardiac tissue. The pathophysiology of MI is predominantly linked to atherosclerotic coronary artery disease (CAD), where the formation of atheromatous plaques within the coronary arteries results in luminal narrowing and reduced blood flow.

### Pathophysiology:
1. **Atherosclerosis**: The most common underlying cause of MI is the gradual accumulation of lipids, inflammatory cells, and fibrous tissue in the arterial wall, leading to plaque formation. When these plaques become unstable, they may rupture or erode, exposing thrombogenic material to the bloodstream.
   
2. **Thrombosis**: Plaque rupture triggers the coagulation cascade, resulting in the formation of a thrombus (blood clot) that can partially or completely occlude the coronary artery. This occlusion leads to a significant decrease in myocardial oxygen supply, which can result in ischemia.

3. **Ischemia and Injury**: If the ischemia persists for more than approximately 20 minutes, it can lead to irreversible myocardial injury and necrosis. The extent of myocardial damage is influenced by factors such as the territory supplied by the affected artery, the duration of occlusion, and the presence of collateral circulation.

4. **Types of MI**: 
   - **ST-Elevation Myocardial Infarction (STEMI)**: Characterized by ST-segment elevation on the ECG, indicating complete coronary artery occlusion.
   - **Non-ST-Elevation Myocardial Infarction (NSTEMI)**: Typically presents with ST-segment depression or T-wave inversions on the ECG, indicating partial occlusion or transient ischemia.

### Diagnostic Criteria:
The diagnosis of MI is established based on a combination of clinical presentation, ECG findings, and biomarker elevation:
- **Clinical Presentation**: Typical symptoms include chest pain or discomfort, which may radiate to the arms, neck, jaw, or back, often accompanied by dyspnea, diaphoresis, or nausea.
- **Electrocardiogram (ECG)**: 
  - STEMI: ST-segment elevation in contiguous leads.
  - NSTEMI: ST-segment depression or T-wave inversions.
- **Cardiac Biomarkers**: Elevated levels of cardiac troponins (I or T",14.523839950561523,0.1282798833819242,0.052785923753665684,0.09912536443148688,0.7762029,1.0,0.37254901960784315,0.7108419833308406,0.5
Medical_Specialist_GPT4,5,What is the treatment for STEMI?,"STEMI treatment includes immediate reperfusion with primary PCI (preferred) or fibrinolytic therapy, dual antiplatelet therapy (aspirin plus P2Y12 inhibitor), anticoagulation, beta-blockers, ACE inhibitors, and high-intensity statins.","**Treatment for ST-Elevation Myocardial Infarction (STEMI)**

**Pathophysiology:**
STEMI is characterized by the complete occlusion of a coronary artery, leading to myocardial ischemia and subsequent necrosis. The most common cause is the rupture of an atherosclerotic plaque, resulting in thrombosis. This condition requires immediate medical intervention to restore blood flow and minimize myocardial damage.

**Diagnostic Criteria:**
The diagnosis of STEMI is primarily based on:
1. Clinical presentation: Typical symptoms include chest pain (often described as pressure or squeezing), which may radiate to the arm, neck, jaw, or back, along with associated symptoms such as diaphoresis, nausea, or dyspnea.
2. Electrocardiogram (ECG) findings: ST-segment elevation of ≥1 mm in two contiguous leads or new left bundle branch block (LBBB).
3. Elevated cardiac biomarkers: Troponin I or T levels are typically elevated, indicating myocardial injury.

**Initial Management Goals:**
1. Control of cardiac discomfort.
2. Rapid identification of candidates for reperfusion therapy.
3. Triage of lower-risk patients appropriately.
4. Avoidance of inappropriate discharge.

**Treatment Protocols:**

1. **Reperfusion Therapy:**
   - **Primary Percutaneous Coronary Intervention (PCI):** This is the preferred method of reperfusion therapy if it can be performed within 90 minutes of first medical contact. It involves balloon angioplasty and stent placement to restore blood flow.
   - **Fibrinolytic Therapy:** If PCI is not available within the recommended timeframe, fibrinolytics (e.g., alteplase, tenecteplase) should be administered within 12 hours of symptom onset. The recommended dose for alteplase is 15 mg bolus, followed by 0.75 mg/kg (maximum 50 mg) over 30 minutes, then 0.5 mg/kg (maximum 35 mg) over 60 minutes.

2. **Antiplatelet Therapy:**
   - **Aspirin:** Administer 160-325 mg orally as soon as STEMI is suspected.
   - **P2Y12 Inhibitors:** Clopidogrel (600 mg loading dose, then 75 mg daily) or ticagrelor (180 mg loading dose, then 90 mg twice daily) should be initiated.

3. **Anticoagulation",10.275276184082031,0.11515151515151516,0.024390243902439025,0.08484848484848485,0.48976526,1.0,0.23076923076923078,0.5648826283216477,0.5
Medical_Specialist_GPT4,6,What are the most common causes of community-acquired pneumonia?,"The most common causes of community-acquired pneumonia are Streptococcus pneumoniae, Haemophilus influenzae, Mycoplasma pneumoniae, Chlamydophila pneumoniae, and respiratory viruses.","Community-acquired pneumonia (CAP) is a significant public health concern and can be caused by a variety of pathogens. The most common etiological agents can be categorized into typical and atypical organisms.

### Common Causes of Community-Acquired Pneumonia

1. **Streptococcus pneumoniae**: 
   - **Pathophysiology**: This encapsulated gram-positive bacterium is the most prevalent cause of CAP. It adheres to respiratory epithelial cells, evades phagocytosis, and induces inflammatory responses.
   - **Epidemiology**: Responsible for approximately 30-50% of bacterial pneumonia cases.
   - **Diagnosis**: Sputum culture, blood cultures, and urinary antigen tests.
   - **Treatment**: First-line therapy typically includes high-dose amoxicillin (1 g three times daily) or amoxicillin-clavulanate. For penicillin-allergic patients, doxycycline or a respiratory fluoroquinolone (e.g., levofloxacin) can be used.

2. **Mycoplasma pneumoniae**:
   - **Pathophysiology**: Atypical pathogen lacking a cell wall, leading to a unique clinical presentation often characterized by a gradual onset of symptoms.
   - **Epidemiology**: Accounts for approximately 10-20% of CAP cases, particularly in younger populations (ages 5-35).
   - **Diagnosis**: Serological tests or PCR; sputum culture is less commonly used due to the organism's fastidious nature.
   - **Treatment**: Macrolides (e.g., azithromycin 500 mg on day 1, followed by 250 mg daily for 4 days) or tetracyclines (e.g., doxycycline 100 mg twice daily) are effective.

3. **Chlamydia pneumoniae**:
   - **Pathophysiology**: An obligate intracellular bacterium that can cause mild to moderate pneumonia, often with a prolonged cough.
   - **Epidemiology**: Responsible for about 10% of CAP cases, particularly in adults.
   - **Diagnosis**: Serological testing or PCR; culture is rarely performed.
   - **Treatment**: Macrolides or tetracyclines are effective (similar to Mycoplasma pneumoniae).

4. **Legionella pneumophila**:
   - **Pathophysiology**: A gram-negative bacterium that can",12.662588119506836,0.11267605633802819,0.06382978723404256,0.09154929577464789,0.69287574,1.0,0.2275449101796407,0.6668604066674138,0.5
Medical_Specialist_GPT4,7,How is pneumonia diagnosed and treated?,"Pneumonia is diagnosed through clinical symptoms, physical examination, and chest X-ray showing infiltrate. Treatment includes appropriate antibiotics based on severity (outpatient: amoxicillin or macrolide; inpatient: beta-lactam plus macrolide or fluoroquinolone) plus supportive care.","**Diagnosis and Treatment of Pneumonia**

**Diagnosis:**

Pneumonia is an acute respiratory infection characterized by inflammation of the lung parenchyma, typically caused by infectious agents such as bacteria, viruses, or fungi. The diagnosis of pneumonia is primarily clinical, supported by radiographic findings and, when necessary, microbiological confirmation.

1. **Clinical Presentation:**
   - Common symptoms include cough (productive or non-productive), fever, chills, dyspnea, pleuritic chest pain, and fatigue. Physical examination may reveal decreased breath sounds, crackles (rales), and dullness to percussion.

2. **Radiographic Criteria:**
   - A chest X-ray is essential for diagnosis, revealing an infiltrate consistent with pneumonia. The presence of lobar consolidation is suggestive of bacterial pneumonia, while interstitial patterns may indicate viral or atypical pneumonia. In some cases, pneumonia may be present without radiographic evidence, particularly early in the disease course.

3. **Microbiological Diagnosis:**
   - While microbiological testing is not routinely required for uncomplicated community-acquired pneumonia (CAP), it is critical in severe cases or when the diagnosis is uncertain. Sputum cultures, blood cultures, and urinary antigen tests (e.g., for Streptococcus pneumoniae and Legionella pneumophila) can aid in identifying the causative organism. However, a microbiologically confirmed diagnosis is often not achieved due to the difficulty in obtaining samples from the site of infection.

4. **Differential Diagnosis:**
   - Important differential diagnoses include pulmonary conditions (e.g., atelectasis, pulmonary embolism), cardiac conditions (e.g., heart failure), and other infections (e.g., viral pneumonia, mycoplasma pneumonia). In patients with abdominal symptoms, conditions such as cholecystitis or appendicitis should also be considered.

**Treatment:**

The treatment of pneumonia depends on the severity of the disease, the patient's age, comorbidities, and the likely causative organism.

1. **Empirical Antibiotic Therapy:**
   - For uncomplicated CAP in previously healthy adults, first-line treatment typically includes:
     - **Amoxicillin**: 1 g orally three times daily for 5-7 days.
     - Alternatively, a macrolide (e.g., azithromycin 500 mg on day 1, followed by 250 mg daily for 4 days) may be used, particularly in cases where atyp",18.47713303565979,0.12324929971988796,0.02253521126760563,0.08963585434173668,0.7154841,1.0,0.38207547169811323,0.6790305567555734,0.5
Medical_Specialist_GPT4,8,What are the main causes of chronic kidney disease?,"The main causes of chronic kidney disease include diabetes mellitus (45%), hypertension (27%), glomerulonephritis, and polycystic kidney disease.","Chronic kidney disease (CKD) is a progressive loss of kidney function over time, characterized by a gradual decline in the glomerular filtration rate (GFR) and the presence of kidney damage. The main causes of CKD can be categorized into several key etiological groups, which cumulatively account for over 90% of the CKD burden worldwide. 

### Main Causes of Chronic Kidney Disease:

1. **Diabetic Nephropathy**:
   - **Pathophysiology**: This is the most prevalent cause of CKD in North America and Europe, primarily resulting from type 2 diabetes mellitus. Hyperglycemia leads to glomerular hyperfiltration, increased glomerular pressure, and subsequent glomerulosclerosis.
   - **Diagnostic Criteria**: Presence of albuminuria (urinary albumin excretion ≥30 mg/24 hours) and/or a decline in GFR (GFR <60 mL/min/1.73 m²).
   - **Treatment Protocols**: Management includes strict glycemic control (target HbA1c <7%), use of ACE inhibitors or ARBs to reduce progression (e.g., Lisinopril 10-40 mg daily), and lifestyle modifications.

2. **Hypertensive Nephrosclerosis**:
   - **Pathophysiology**: Chronic hypertension leads to vascular damage and nephrosclerosis, characterized by arteriolar hyalinosis and glomerulosclerosis.
   - **Diagnostic Criteria**: Persistent hypertension (BP ≥130/80 mmHg) with evidence of CKD (declining GFR and/or albuminuria).
   - **Treatment Protocols**: Blood pressure control is critical (target BP <130/80 mmHg) using antihypertensives such as thiazide diuretics, ACE inhibitors, or calcium channel blockers.

3. **Glomerulonephritis**:
   - **Pathophysiology**: This encompasses a variety of inflammatory conditions affecting the glomeruli, leading to proteinuria, hematuria, and declining renal function.
   - **Diagnostic Criteria**: Presence of hematuria, proteinuria (≥0.5 g/day), and/or decreased GFR. Specific serological tests may be required based on suspected etiology (e.g., ANCA for vasculitis).
   - **Treatment Protocols**: Immunosuppressive therapy (e.g., corticosteroids, cyclophosph",15.299135208129883,0.1056338028169014,0.056737588652482275,0.08450704225352113,0.702199,1.0,0.288135593220339,0.6701135756264269,0.5
Medical_Specialist_GPT4,9,How is chronic kidney disease managed?,"CKD management includes treating underlying causes, blood pressure control (<130/80) with ACE inhibitor/ARB, diabetes management (HbA1c <7%), dietary modifications (protein and phosphorus restriction), treating complications (anemia, bone disease), and preparing for renal replacement therapy when eGFR <20.","**Management of Chronic Kidney Disease (CKD)**

Chronic Kidney Disease (CKD) is a progressive condition characterized by a gradual decline in glomerular filtration rate (GFR) and often accompanied by albuminuria. The management of CKD is multifaceted and aims to slow disease progression, manage complications, and prepare for renal replacement therapy when necessary.

### **1. Staging and Diagnosis**

CKD is classified into five stages based on GFR and albuminuria levels, as per the Kidney Disease Improving Global Outcomes (KDIGO) guidelines:

- **Stage 1:** GFR ≥ 90 mL/min/1.73 m² with evidence of kidney damage (e.g., albuminuria).
- **Stage 2:** GFR 60-89 mL/min/1.73 m² with evidence of kidney damage.
- **Stage 3:** GFR 30-59 mL/min/1.73 m².
- **Stage 4:** GFR 15-29 mL/min/1.73 m².
- **Stage 5:** GFR < 15 mL/min/1.73 m² or dialysis.

### **2. Risk Factor Modification**

**a. Blood Pressure Control:**
- Target blood pressure: <130/80 mmHg.
- First-line agents: Angiotensin-converting enzyme inhibitors (ACEi) or Angiotensin II receptor blockers (ARBs) are preferred, especially in patients with diabetic nephropathy or significant albuminuria. Typical starting doses include:
  - Lisinopril: 10-40 mg daily.
  - Losartan: 50-100 mg daily.

**b. Glycemic Control:**
- In diabetic patients, maintain HbA1c < 7% to reduce the risk of progression to end-stage renal disease (ESRD).
- Use of SGLT2 inhibitors (e.g., Empagliflozin, Canagliflozin) has shown renal protective effects and should be considered in patients with type 2 diabetes and CKD.

**c. Lifestyle Modifications:**
- Dietary sodium restriction (<2 g/day) to help control hypertension.
- Protein intake should be moderated, particularly in advanced CKD (Stage 3 and beyond), to reduce uremic symptoms and slow progression.

### **3. Monitoring and Management of Complications**

**a. Anemia:**
- Monitor hemoglobin levels; initiate",5.495134592056274,0.18575851393188855,0.06230529595015577,0.10526315789473685,0.6313215,1.0,0.27071823204419887,0.6447629120881344,0.5
Medical_Specialist_GPT4,10,What are the main characteristics of asthma?,"Asthma is characterized by chronic airway inflammation, variable airflow obstruction, bronchial hyperresponsiveness, and symptoms of episodic wheezing, cough (often nocturnal), chest tightness, and dyspnea with reversibility on spirometry.","Asthma is a chronic respiratory condition characterized by episodic airway obstruction, airway hyperresponsiveness, and airway inflammation. The pathophysiology of asthma involves a complex interplay of genetic predisposition, environmental factors, and immunological responses, leading to varying degrees of airway inflammation and obstruction.

### Main Characteristics of Asthma:

1. **Episodic Symptoms**:
   - **Wheezing**: A high-pitched whistling sound during expiration, indicative of airway narrowing.
   - **Dyspnea**: Shortness of breath, which may be acute or chronic.
   - **Cough**: Often worse at night or early morning, can be dry or productive.
   - **Chest Tightness**: A sensation of pressure or constriction in the chest.

2. **Triggers**:
   - **Allergens**: Pollen, mold, dust mites, pet dander, and cockroach droppings.
   - **Irritants**: Tobacco smoke, strong odors, air pollution, and chemical fumes.
   - **Exercise**: Particularly in cold, dry air.
   - **Respiratory Infections**: Viral infections can exacerbate symptoms.
   - **Weather Changes**: Sudden changes in temperature or humidity.

3. **Pathophysiology**:
   - Asthma involves **airway inflammation**, primarily eosinophilic in nature, leading to **bronchial hyperreactivity** and **airway remodeling** over time. In some patients, particularly those with non-type 2 asthma, inflammation may not be eosinophilic.
   - **Bronchoconstriction** occurs due to smooth muscle contraction in response to various stimuli, leading to reversible airway obstruction.

4. **Diagnostic Criteria**:
   - **Clinical History**: Symptoms of wheezing, cough, chest tightness, and dyspnea.
   - **Spirometry**: Demonstrates reversible airflow obstruction (e.g., FEV1/FVC ratio < 0.70, with a significant increase in FEV1 of ≥ 12% and 200 mL after bronchodilator administration).
   - **Peak Expiratory Flow Rate (PEFR)**: Variability in PEFR of > 20% over time supports the diagnosis.
   - **Bronchoprovocation Testing**: Methacholine challenge may be used if spirometry is normal but asthma is suspected.

5. **Treatment Protocols**:",11.901215076446533,0.18055555555555555,0.07692307692307693,0.13194444444444445,0.8003228,1.0,0.24489795918367346,0.7314113855361939,0.5
Medical_Specialist_GPT4,11,What is the stepwise treatment approach for asthma?,"Asthma treatment follows GINA guidelines stepwise approach: Step 1 - as-needed SABA, Step 2 - low-dose ICS, Step 3 - ICS/LABA, Step 4 - medium/high-dose ICS/LABA, Step 5 - add-on therapies (LAMA, biologics). Inhaled corticosteroids are the cornerstone of controller therapy.","The stepwise treatment approach for asthma is a structured method to manage asthma symptoms and reduce the risk of exacerbations, based on the severity of the disease and the patient's response to therapy. This approach is guided by the National Asthma Education and Prevention Program (NAEPP) and the Global Initiative for Asthma (GINA) guidelines. 

### Stepwise Treatment Approach for Asthma

#### Step 1: Intermittent Asthma
- **Symptoms**: Symptoms occur ≤2 days/week, nighttime awakenings ≤2 times/month, no interference with normal activity.
- **Treatment**: 
  - **Reliever**: As-needed short-acting beta-agonist (SABA) (e.g., albuterol).
  - **Consideration**: For patients with exercise-induced bronchospasm, a SABA can be used prior to exercise.

#### Step 2: Mild Persistent Asthma
- **Symptoms**: Symptoms occur >2 days/week but not daily, nighttime awakenings 3-4 times/month, minor interference with normal activity.
- **Treatment**: 
  - **Controller**: Low-dose inhaled corticosteroid (ICS) (e.g., fluticasone 100-250 mcg/day).
  - **Reliever**: As-needed SABA or low-dose ICS/formoterol as needed.

#### Step 3: Moderate Persistent Asthma
- **Symptoms**: Daily symptoms, nighttime awakenings >1 time/week but not nightly, some interference with normal activity.
- **Treatment**: 
  - **Controller**: Medium-dose ICS (e.g., fluticasone 250-500 mcg/day) or low-dose ICS plus a long-acting beta-agonist (LABA) (e.g., formoterol).
  - **Reliever**: As-needed SABA or as-needed ICS/formoterol.

#### Step 4: Severe Persistent Asthma
- **Symptoms**: Symptoms throughout the day, nighttime awakenings often, extreme interference with normal activity.
- **Treatment**: 
  - **Controller**: High-dose ICS (e.g., fluticasone >500 mcg/day) plus LABA.
  - **Consideration**: Add-on therapy with leukotriene receptor antagonists (LTRAs) or biologics (e.g., omalizumab for allergic asthma).
  - **Reliever**: As-needed SABA or as-needed ICS/formoter",13.735817193984985,0.2364217252396166,0.09646302250803858,0.1853035143769968,0.73864037,1.0,0.32575757575757575,0.7114927079540472,0.5
